staircase.thisTrialN,staircase.stepSize,staircase.intensity,thisRow.t,notes,trial.started,Fixation.started,Fixation.stopped,grating.started,key_resp.started,grating.stopped,trial.stopped,corrAns,tilt,key_resp.corr,staircase.response,key_resp.rt,participant,session,date,expName,expVersion,psychopyVersion,frameRate,expStart,
0,2,10.0,0.020006199998533702,,0.00798919999942882,0.020006199998533702,0.5432475999987219,0.5432475999987219,0.5432475999987219,0.8580638999992516,4.37321399999928,left,-10.0,1,1,3.68203960000028,147072,001,2025-09-03_12h44.46.300,Adaptive Staircase Experiment - Tutorial 1.0,,2025.1.1,60.78388108738277,2025-09-03 12h44.47.922555 +0530,
1,2,8.0,4.386462099999335,,4.373428899998544,4.386462099999335,4.873516599998766,4.873516599998766,4.873516599998766,5.176265299998704,5.441376799999489,right,8.0,1,1,0.5566911000005348,147072,001,2025-09-03_12h44.46.300,Adaptive Staircase Experiment - Tutorial 1.0,,2025.1.1,60.78388108738277,2025-09-03 12h44.47.922555 +0530,
2,2,6.0,5.4579006999993,,5.441727799998262,5.4579006999993,5.941063499998563,5.941063499998563,5.941063499998563,6.240410899999915,6.642432199998439,right,6.0,1,1,0.6844571000001451,147072,001,2025-09-03_12h44.46.300,Adaptive Staircase Experiment - Tutorial 1.0,,2025.1.1,60.78388108738277,2025-09-03 12h44.47.922555 +0530,
3,2,4.0,6.659933699998874,,6.6429136999995535,6.659933699998874,7.143284299998413,7.143284299998413,7.143284299998413,7.460044999999809,7.775640299998486,right,4.0,1,1,0.6215013000000909,147072,001,2025-09-03_12h44.46.300,Adaptive Staircase Experiment - Tutorial 1.0,,2025.1.1,60.78388108738277,2025-09-03 12h44.47.922555 +0530,
4,2,2.0,7.791835499998342,,7.775995299998613,7.791835499998342,8.276327499999752,8.276327499999752,8.276327499999752,8.590952099999413,9.204675199998746,right,2.0,1,1,0.9204709000005096,147072,001,2025-09-03_12h44.46.300,Adaptive Staircase Experiment - Tutorial 1.0,,2025.1.1,60.78388108738277,2025-09-03 12h44.47.922555 +0530,
5,1,1.0,9.221888499998386,,9.20487409999987,9.221888499998386,9.709858299998814,9.709858299998814,9.709858299998814,10.024073999999018,11.059765899999547,left,-1.0,0,0,1.344662999999855,147072,001,2025-09-03_12h44.46.300,Adaptive Staircase Experiment - Tutorial 1.0,,2025.1.1,60.78388108738277,2025-09-03 12h44.47.922555 +0530,
6,1,2.0,11.073668699998962,,11.060126899999887,11.073668699998962,11.558396399999765,11.558396399999765,11.558396399999765,11.859712699999363,12.210538299999826,right,2.0,1,1,0.6508111000002827,147072,001,2025-09-03_12h44.46.300,Adaptive Staircase Experiment - Tutorial 1.0,,2025.1.1,60.78388108738277,2025-09-03 12h44.47.922555 +0530,
7,1,2.0,12.226168999999572,,12.211016599998402,12.226168999999572,12.726079199999731,12.726079199999731,12.726079199999731,13.02538519999871,13.46122209999885,right,2.0,1,1,0.7275582999991457,147072,001,2025-09-03_12h44.46.300,Adaptive Staircase Experiment - Tutorial 1.0,,2025.1.1,60.78388108738277,2025-09-03 12h44.47.922555 +0530,
8,1,2.0,13.47710559999905,,13.4618090999993,13.47710559999905,13.976421699999264,13.976421699999264,13.976421699999264,14.273540899999716,14.595921099999032,right,2.0,1,1,0.6156787999989319,147072,001,2025-09-03_12h44.46.300,Adaptive Staircase Experiment - Tutorial 1.0,,2025.1.1,60.78388108738277,2025-09-03 12h44.47.922555 +0530,
9,1,1.0,14.608383899998444,,14.596245999999155,14.608383899998444,15.110250399999131,15.110250399999131,15.110250399999131,15.425946899998962,16.14296579999973,right,1.0,1,1,1.0208339000000706,147072,001,2025-09-03_12h44.46.300,Adaptive Staircase Experiment - Tutorial 1.0,,2025.1.1,60.78388108738277,2025-09-03 12h44.47.922555 +0530,
10,1,1.0,16.15788039999825,,16.143320099999983,16.15788039999825,16.642991699998674,16.642991699998674,16.642991699998674,16.940853799998877,17.377404599999863,right,1.0,1,1,0.7246666999999434,147072,001,2025-09-03_12h44.46.300,Adaptive Staircase Experiment - Tutorial 1.0,,2025.1.1,60.78388108738277,2025-09-03 12h44.47.922555 +0530,
11,1,1.0,17.39308339999843,,17.37802119999833,17.39308339999843,17.877440999998726,17.877440999998726,17.877440999998726,18.190102799999295,18.8451086999994,right,1.0,1,1,0.957437499999287,147072,001,2025-09-03_12h44.46.300,Adaptive Staircase Experiment - Tutorial 1.0,,2025.1.1,60.78388108738277,2025-09-03 12h44.47.922555 +0530,
12,1,1.0,18.859774599999582,,18.845704299999852,18.859774599999582,19.343314399999144,19.343314399999144,19.343314399999144,19.644162499998856,20.076942199999394,right,1.0,1,1,0.7227873000010732,147072,001,2025-09-03_12h44.46.300,Adaptive Staircase Experiment - Tutorial 1.0,,2025.1.1,60.78388108738277,2025-09-03 12h44.47.922555 +0530,
13,1,1.0,20.093139099999462,,20.077283999999054,20.093139099999462,20.594557799999166,20.594557799999166,20.594557799999166,20.89273569999932,21.51095759999953,right,1.0,1,1,0.9091354000011052,147072,001,2025-09-03_12h44.46.300,Adaptive Staircase Experiment - Tutorial 1.0,,2025.1.1,60.78388108738277,2025-09-03 12h44.47.922555 +0530,
14,1,1.0,21.526915599999484,,21.511571499999263,21.526915599999484,22.027702499999577,22.027702499999577,22.027702499999577,22.344399099998554,22.71060959999886,right,1.0,1,1,0.6742013000002771,147072,001,2025-09-03_12h44.46.300,Adaptive Staircase Experiment - Tutorial 1.0,,2025.1.1,60.78388108738277,2025-09-03 12h44.47.922555 +0530,
15,1,1.0,22.725288399999044,,22.710965499998565,22.725288399999044,23.227658099998735,23.227658099998735,23.227658099998735,23.527030499999455,23.724636699998882,right,1.0,1,1,0.48259260000122595,147072,001,2025-09-03_12h44.46.300,Adaptive Staircase Experiment - Tutorial 1.0,,2025.1.1,60.78388108738277,2025-09-03 12h44.47.922555 +0530,
16,1,1.0,23.74216019999949,,23.724922999999762,23.74216019999949,24.24015319999853,24.24015319999853,24.24015319999853,24.539614399998754,24.65697369999907,right,1.0,1,1,0.4136335000002873,147072,001,2025-09-03_12h44.46.300,Adaptive Staircase Experiment - Tutorial 1.0,,2025.1.1,60.78388108738277,2025-09-03 12h44.47.922555 +0530,
17,0.5,1.0,24.673128299999007,,24.657156599998416,24.673128299999007,25.156866099998297,25.156866099998297,25.156866099998297,25.45655529999931,26.66052689999924,left,-1.0,0,0,1.4986541999987821,147072,001,2025-09-03_12h44.46.300,Adaptive Staircase Experiment - Tutorial 1.0,,2025.1.1,60.78388108738277,2025-09-03 12h44.47.922555 +0530,
18,0.5,1.5,26.677484599998934,,26.660956499999884,26.677484599998934,27.177189999998518,27.177189999998518,27.177189999998518,27.49483919999875,28.030394099998375,left,-1.5,1,1,0.8494664000008925,147072,001,2025-09-03_12h44.46.300,Adaptive Staircase Experiment - Tutorial 1.0,,2025.1.1,60.78388108738277,2025-09-03 12h44.47.922555 +0530,
19,0.5,1.5,28.04148929999974,,28.030795699998635,28.04148929999974,28.544761399998606,28.544761399998606,28.544761399998606,28.861681799999133,29.194659599999795,right,1.5,1,1,0.6455653000011807,147072,001,2025-09-03_12h44.46.300,Adaptive Staircase Experiment - Tutorial 1.0,,2025.1.1,60.78388108738277,2025-09-03 12h44.47.922555 +0530,
20,0.5,1.5,29.208574399999634,,29.19502149999971,29.208574399999634,29.694492299999183,29.694492299999183,29.694492299999183,29.995083399999203,30.39787829999841,left,-1.5,1,1,0.6927630000009231,147072,001,2025-09-03_12h44.46.300,Adaptive Staircase Experiment - Tutorial 1.0,,2025.1.1,60.78388108738277,2025-09-03 12h44.47.922555 +0530,
21,0.5,1.0,30.411683799999082,,30.398476099999243,30.411683799999082,30.912110799999937,30.912110799999937,30.912110799999937,31.212306199999148,32.89724549999846,right,1.0,1,1,1.9691434999986086,147072,001,2025-09-03_12h44.46.300,Adaptive Staircase Experiment - Tutorial 1.0,,2025.1.1,60.78388108738277,2025-09-03 12h44.47.922555 +0530,
22,0.5,1.0,32.909943899998325,,32.89789199999905,32.909943899998325,33.41075079999973,33.41075079999973,33.41075079999973,33.72927389999859,34.09628669999984,left,-1.0,1,1,0.6701204000000871,147072,001,2025-09-03_12h44.46.300,Adaptive Staircase Experiment - Tutorial 1.0,,2025.1.1,60.78388108738277,2025-09-03 12h44.47.922555 +0530,
23,0.5,1.0,34.109330399998726,,34.0968785999994,34.109330399998726,34.61087139999836,34.61087139999836,34.61087139999836,34.909984999998414,35.413156899998285,left,-1.0,1,1,0.7905093999997916,147072,001,2025-09-03_12h44.46.300,Adaptive Staircase Experiment - Tutorial 1.0,,2025.1.1,60.78388108738277,2025-09-03 12h44.47.922555 +0530,
24,0.5,1.0,35.42781919999834,,35.41371919999983,35.42781919999834,35.927214399998775,35.927214399998775,35.927214399998775,36.228336899999704,36.69360889999916,right,1.0,1,1,0.7590426999995543,147072,001,2025-09-03_12h44.46.300,Adaptive Staircase Experiment - Tutorial 1.0,,2025.1.1,60.78388108738277,2025-09-03 12h44.47.922555 +0530,
25,0.5,1.0,36.7105303999997,,36.693960999999035,36.7105303999997,37.1944481999999,37.1944481999999,37.1944481999999,37.510416899998745,37.8972260999999,left,-1.0,1,1,0.6959598999983427,147072,001,2025-09-03_12h44.46.300,Adaptive Staircase Experiment - Tutorial 1.0,,2025.1.1,60.78388108738277,2025-09-03 12h44.47.922555 +0530,
26,0.5,1.0,37.910347699998965,,37.89780229999997,37.910347699998965,38.39488009999877,38.39488009999877,38.39488009999877,38.696001199999955,39.264332299999296,left,-1.0,1,1,0.8620030000001861,147072,001,2025-09-03_12h44.46.300,Adaptive Staircase Experiment - Tutorial 1.0,,2025.1.1,60.78388108738277,2025-09-03 12h44.47.922555 +0530,
27,0.5,1.0,39.27921459999925,,39.26498609999908,39.27921459999925,39.779445099999066,39.779445099999066,39.779445099999066,40.09336769999936,40.66539769999872,right,1.0,1,1,0.8822799999998097,147072,001,2025-09-03_12h44.46.300,Adaptive Staircase Experiment - Tutorial 1.0,,2025.1.1,60.78388108738277,2025-09-03 12h44.47.922555 +0530,
28,0.5,1.0,40.6770865999988,,40.66580189999877,40.6770865999988,41.17791059999945,41.17791059999945,41.17791059999945,41.4798138999995,42.14683779999905,right,1.0,1,1,0.9608543999984249,147072,001,2025-09-03_12h44.46.300,Adaptive Staircase Experiment - Tutorial 1.0,,2025.1.1,60.78388108738277,2025-09-03 12h44.47.922555 +0530,
29,0.5,1.0,42.160245199998826,,42.147396299998945,42.160245199998826,42.663370599999325,42.663370599999325,42.663370599999325,42.96322989999862,43.264065699999264,right,1.0,1,1,0.5986888000006729,147072,001,2025-09-03_12h44.46.300,Adaptive Staircase Experiment - Tutorial 1.0,,2025.1.1,60.78388108738277,2025-09-03 12h44.47.922555 +0530,
30,0.5,1.0,43.27843149999899,,43.264524999998685,43.27843149999899,43.76299179999842,43.76299179999842,43.76299179999842,44.07682489999934,44.4972504999987,left,-1.0,1,1,0.7304872999993677,147072,001,2025-09-03_12h44.46.300,Adaptive Staircase Experiment - Tutorial 1.0,,2025.1.1,60.78388108738277,2025-09-03 12h44.47.922555 +0530,
31,0.5,1.0,44.512031399999614,,44.49763929999972,44.512031399999614,44.996656399998756,44.996656399998756,44.996656399998756,45.31054309999854,45.561087099998986,right,1.0,1,1,0.5558473000000959,147072,001,2025-09-03_12h44.46.300,Adaptive Staircase Experiment - Tutorial 1.0,,2025.1.1,60.78388108738277,2025-09-03 12h44.47.922555 +0530,
32,0.5,1.0,45.57749960000001,,45.56145419999848,45.57749960000001,46.063704099999086,46.063704099999086,46.063704099999086,46.363714099999925,46.56458969999949,left,-1.0,1,1,0.49017470000035246,147072,001,2025-09-03_12h44.46.300,Adaptive Staircase Experiment - Tutorial 1.0,,2025.1.1,60.78388108738277,2025-09-03 12h44.47.922555 +0530,
33,0.5,1.0,46.58066509999844,,46.56532249999873,46.58066509999844,47.0791311999983,47.0791311999983,47.0791311999983,47.37986499999897,47.495711599998685,right,1.0,1,1,0.4094394000003376,147072,001,2025-09-03_12h44.46.300,Adaptive Staircase Experiment - Tutorial 1.0,,2025.1.1,60.78388108738277,2025-09-03 12h44.47.922555 +0530,
34,0.5,1.0,47.51236379999864,,47.49615299999823,47.51236379999864,47.997365599998375,47.997365599998375,47.997365599998375,48.29746889999842,48.731852799999615,left,-1.0,1,1,0.7280144999986078,147072,001,2025-09-03_12h44.46.300,Adaptive Staircase Experiment - Tutorial 1.0,,2025.1.1,60.78388108738277,2025-09-03 12h44.47.922555 +0530,
35,0.5,1.0,48.744484799999555,,48.73226899999827,48.744484799999555,49.23122659999899,49.23122659999899,49.23122659999899,49.53122099999928,49.91518449999967,left,-1.0,1,1,0.6823392999995121,147072,001,2025-09-03_12h44.46.300,Adaptive Staircase Experiment - Tutorial 1.0,,2025.1.1,60.78388108738277,2025-09-03 12h44.47.922555 +0530,
36,0.5,1.0,49.927289699999164,,49.915821999999025,49.927289699999164,50.42944349999925,50.42944349999925,50.42944349999925,50.73074689999885,50.92906319999929,left,-1.0,1,1,0.4852152000003116,147072,001,2025-09-03_12h44.46.300,Adaptive Staircase Experiment - Tutorial 1.0,,2025.1.1,60.78388108738277,2025-09-03 12h44.47.922555 +0530,
37,0.5,1.0,50.945630999998684,,50.92958349999935,50.945630999998684,51.430100599998696,51.430100599998696,51.430100599998696,51.73104719999901,52.411924,left,-1.0,1,1,0.9688806999984081,147072,001,2025-09-03_12h44.46.300,Adaptive Staircase Experiment - Tutorial 1.0,,2025.1.1,60.78388108738277,2025-09-03 12h44.47.922555 +0530,
38,0.5,1.0,52.42851519999931,,52.4122488999983,52.42851519999931,52.914573299998665,52.914573299998665,52.914573299998665,53.22664919999988,53.46209279999857,left,-1.0,1,1,0.5325209999991785,147072,001,2025-09-03_12h44.46.300,Adaptive Staircase Experiment - Tutorial 1.0,,2025.1.1,60.78388108738277,2025-09-03 12h44.47.922555 +0530,
39,0.5,1.0,53.479021099999954,,53.46244309999929,53.479021099999954,53.979518299998745,53.979518299998745,53.979518299998745,54.29715379999834,54.5780980999989,left,-1.0,1,1,0.5888346000010642,147072,001,2025-09-03_12h44.46.300,Adaptive Staircase Experiment - Tutorial 1.0,,2025.1.1,60.78388108738277,2025-09-03 12h44.47.922555 +0530,
40,0.5,1.0,54.59284469999875,,54.5783141999982,54.59284469999875,55.07734459999847,55.07734459999847,55.07734459999847,55.37795619999997,55.88220309999997,right,1.0,1,1,0.7980721000003541,147072,001,2025-09-03_12h44.46.300,Adaptive Staircase Experiment - Tutorial 1.0,,2025.1.1,60.78388108738277,2025-09-03 12h44.47.922555 +0530,
41,0.5,1.0,55.89787629999955,,55.882759899999655,55.89787629999955,56.39754549999998,56.39754549999998,56.39754549999998,56.698577099999966,57.09794519999923,left,-1.0,1,1,0.6932590999986132,147072,001,2025-09-03_12h44.46.300,Adaptive Staircase Experiment - Tutorial 1.0,,2025.1.1,60.78388108738277,2025-09-03 12h44.47.922555 +0530,
42,0.5,1.0,57.111794099999315,,57.09864489999927,57.111794099999315,57.610695499999565,57.610695499999565,57.610695499999565,57.914864399999715,58.57899869999892,left,-1.0,1,1,0.9613549999994575,147072,001,2025-09-03_12h44.46.300,Adaptive Staircase Experiment - Tutorial 1.0,,2025.1.1,60.78388108738277,2025-09-03 12h44.47.922555 +0530,
43,0.5,1.0,58.59603619999871,,58.57931719999942,58.59603619999871,59.093753999999535,59.093753999999535,59.093753999999535,59.39426319999984,59.8301309999988,left,-1.0,1,1,0.7235501000013755,147072,001,2025-09-03_12h44.46.300,Adaptive Staircase Experiment - Tutorial 1.0,,2025.1.1,60.78388108738277,2025-09-03 12h44.47.922555 +0530,
44,0.5,1.0,59.84680399999888,,59.83048389999931,59.84680399999888,60.332474699998784,60.332474699998784,60.332474699998784,60.648095899998225,61.034117799999876,left,-1.0,1,1,0.6976940000004106,147072,001,2025-09-03_12h44.46.300,Adaptive Staircase Experiment - Tutorial 1.0,,2025.1.1,60.78388108738277,2025-09-03 12h44.47.922555 +0530,
45,0.5,1.0,61.045183799998995,,61.03447489999962,61.045183799998995,61.54521659999955,61.54521659999955,61.54521659999955,61.84654859999864,62.28428499999973,left,-1.0,1,1,0.7346907000010106,147072,001,2025-09-03_12h44.46.300,Adaptive Staircase Experiment - Tutorial 1.0,,2025.1.1,60.78388108738277,2025-09-03 12h44.47.922555 +0530,
46,0.5,1.0,62.296038399999816,,62.28467089999867,62.296038399999816,62.79898919999869,62.79898919999869,62.79898919999869,63.11513509999895,63.69983649999995,left,-1.0,1,1,0.8955600000008417,147072,001,2025-09-03_12h44.46.300,Adaptive Staircase Experiment - Tutorial 1.0,,2025.1.1,60.78388108738277,2025-09-03 12h44.47.922555 +0530,
47,0.5,1.0,63.71534629999951,,63.700316999998904,63.71534629999951,64.2156243999998,64.2156243999998,64.2156243999998,64.51530609999827,65.14874669999881,right,1.0,0,0,0.9245530999996845,147072,001,2025-09-03_12h44.46.300,Adaptive Staircase Experiment - Tutorial 1.0,,2025.1.1,60.78388108738277,2025-09-03 12h44.47.922555 +0530,
48,0.5,1.5,65.16565979999905,,65.14940059999935,65.16565979999905,65.66610099999889,65.66610099999889,65.66610099999889,65.96624789999987,66.19937909999862,left,-1.5,1,1,0.5286843000012595,147072,001,2025-09-03_12h44.46.300,Adaptive Staircase Experiment - Tutorial 1.0,,2025.1.1,60.78388108738277,2025-09-03 12h44.47.922555 +0530,
49,0.5,1.5,66.2127023999983,,66.19975619999968,66.2127023999983,66.7164886999999,66.7164886999999,66.7164886999999,67.03267819999928,67.21848519999912,left,-1.5,1,1,0.4991993999992701,147072,001,2025-09-03_12h44.46.300,Adaptive Staircase Experiment - Tutorial 1.0,,2025.1.1,60.78388108738277,2025-09-03 12h44.47.922555 +0530,
50,0.5,1.5,67.22989599999892,,67.21887329999845,67.22989599999892,67.73280439999871,67.73280439999871,67.73280439999871,68.04954799999905,68.79929489999995,right,1.5,1,1,1.0590016000005562,147072,001,2025-09-03_12h44.46.300,Adaptive Staircase Experiment - Tutorial 1.0,,2025.1.1,60.78388108738277,2025-09-03 12h44.47.922555 +0530,
51,0.5,1.0,68.8159930999991,,68.7999820999994,68.8159930999991,69.29913789999955,69.29913789999955,69.29913789999955,69.59883199999967,70.08381179999924,right,1.0,1,1,0.7649452000005112,147072,001,2025-09-03_12h44.46.300,Adaptive Staircase Experiment - Tutorial 1.0,,2025.1.1,60.78388108738277,2025-09-03 12h44.47.922555 +0530,
52,0.5,1.0,70.09859219999998,,70.0843694999985,70.09859219999998,70.59655229999953,70.59655229999953,70.59655229999953,70.89891689999968,72.69677869999941,right,1.0,1,1,2.0959170999994967,147072,001,2025-09-03_12h44.46.300,Adaptive Staircase Experiment - Tutorial 1.0,,2025.1.1,60.78388108738277,2025-09-03 12h44.47.922555 +0530,
53,0.5,1.0,72.71330919999855,,72.6971625999995,72.71330919999855,73.19933039999887,73.19933039999887,73.19933039999887,73.51258029999917,74.36389009999948,right,1.0,1,1,1.1615660000006756,147072,001,2025-09-03_12h44.46.300,Adaptive Staircase Experiment - Tutorial 1.0,,2025.1.1,60.78388108738277,2025-09-03 12h44.47.922555 +0530,
54,0.5,1.0,74.38046939999913,,74.3642551999983,74.38046939999913,74.86668609999833,74.86668609999833,74.86668609999833,75.16658969999844,75.58166449999953,right,1.0,1,1,0.7054047000001447,147072,001,2025-09-03_12h44.46.300,Adaptive Staircase Experiment - Tutorial 1.0,,2025.1.1,60.78388108738277,2025-09-03 12h44.47.922555 +0530,
55,0.5,1.0,75.59667889999946,,75.58203759999924,75.59667889999946,76.09942969999975,76.09942969999975,76.09942969999975,76.41623069999878,76.78325029999905,right,1.0,1,1,0.6769464999997581,147072,001,2025-09-03_12h44.46.300,Adaptive Staircase Experiment - Tutorial 1.0,,2025.1.1,60.78388108738277,2025-09-03 12h44.47.922555 +0530,
56,0.5,1.0,76.80013629999848,,76.78386229999887,76.80013629999848,77.2983779999995,77.2983779999995,77.2983779999995,77.60024269999849,78.18601189999936,right,1.0,1,1,0.8822519999994256,147072,001,2025-09-03_12h44.46.300,Adaptive Staircase Experiment - Tutorial 1.0,,2025.1.1,60.78388108738277,2025-09-03 12h44.47.922555 +0530,
57,0.5,1.0,78.20013059999837,,78.18659749999824,78.20013059999837,78.69868499999939,78.69868499999939,78.69868499999939,78.99709879999864,79.65309579999848,left,-1.0,1,1,0.9508742999987589,147072,001,2025-09-03_12h44.46.300,Adaptive Staircase Experiment - Tutorial 1.0,,2025.1.1,60.78388108738277,2025-09-03 12h44.47.922555 +0530,
58,0.5,1.0,79.66678389999834,,79.65373909999835,79.66678389999834,80.1642525999996,80.1642525999996,80.1642525999996,80.46332689999872,80.89781819999916,left,-1.0,1,1,0.7216525000003458,147072,001,2025-09-03_12h44.46.300,Adaptive Staircase Experiment - Tutorial 1.0,,2025.1.1,60.78388108738277,2025-09-03 12h44.47.922555 +0530,
59,0.5,1.0,80.91532159999952,,80.89822079999976,80.91532159999952,81.39770419999877,81.39770419999877,81.39770419999877,81.69926299999861,82.03288769999926,right,1.0,1,1,0.6297126000008575,147072,001,2025-09-03_12h44.46.300,Adaptive Staircase Experiment - Tutorial 1.0,,2025.1.1,60.78388108738277,2025-09-03 12h44.47.922555 +0530,
60,0.5,1.0,82.04940929999975,,82.03330769999957,82.04940929999975,82.55114279999907,82.55114279999907,82.55114279999907,82.85126819999823,83.63235569999961,right,1.0,1,1,1.068840400001136,147072,001,2025-09-03_12h44.46.300,Adaptive Staircase Experiment - Tutorial 1.0,,2025.1.1,60.78388108738277,2025-09-03 12h44.47.922555 +0530,
61,0.5,1.0,83.64798549999978,,83.63273489999847,83.64798549999978,84.13439839999955,84.13439839999955,84.13439839999955,84.44647939999959,84.77957839999908,left,-1.0,1,1,0.6360015000009298,147072,001,2025-09-03_12h44.46.300,Adaptive Staircase Experiment - Tutorial 1.0,,2025.1.1,60.78388108738277,2025-09-03 12h44.47.922555 +0530,
62,0.5,1.0,84.79595159999917,,84.77974369999902,84.79595159999917,85.27881369999886,85.27881369999886,85.27881369999886,85.57922559999861,86.05464599999868,right,1.0,1,1,0.7713855000001786,147072,001,2025-09-03_12h44.46.300,Adaptive Staircase Experiment - Tutorial 1.0,,2025.1.1,60.78388108738277,2025-09-03 12h44.47.922555 +0530,
63,0.5,1.0,86.06732389999888,,86.05528139999842,86.06732389999888,86.56630949999999,86.56630949999999,86.56630949999999,86.86852199999885,87.46454879999874,right,1.0,0,0,0.8865640000003623,147072,001,2025-09-03_12h44.46.300,Adaptive Staircase Experiment - Tutorial 1.0,,2025.1.1,60.78388108738277,2025-09-03 12h44.47.922555 +0530,
64,0.5,1.5,87.48061609999968,,87.4648905999984,87.48061609999968,87.96433099999922,87.96433099999922,87.96433099999922,88.26917969999886,88.95501569999942,left,-1.5,1,1,0.9868664000005083,147072,001,2025-09-03_12h44.46.300,Adaptive Staircase Experiment - Tutorial 1.0,,2025.1.1,60.78388108738277,2025-09-03 12h44.47.922555 +0530,
65,0.5,1.5,88.96614569999838,,88.95561179999822,88.96614569999838,89.46577389999948,89.46577389999948,89.46577389999948,89.76799779999965,90.28253239999867,left,-1.5,1,1,0.8037483999996766,147072,001,2025-09-03_12h44.46.300,Adaptive Staircase Experiment - Tutorial 1.0,,2025.1.1,60.78388108738277,2025-09-03 12h44.47.922555 +0530,
66,0.5,1.5,90.29898459999822,,90.28288059999977,90.29898459999822,90.78491059999942,90.78491059999942,90.78491059999942,91.0990511,91.43221639999865,left,-1.5,1,1,0.6353192000005947,147072,001,2025-09-03_12h44.46.300,Adaptive Staircase Experiment - Tutorial 1.0,,2025.1.1,60.78388108738277,2025-09-03 12h44.47.922555 +0530,
67,0.5,1.0,91.4486597999985,,91.43250979999902,91.4486597999985,91.93217859999822,91.93217859999822,91.93217859999822,92.23285119999855,93.05391889999919,left,-1.0,1,1,1.1166083000007347,147072,001,2025-09-03_12h44.46.300,Adaptive Staircase Experiment - Tutorial 1.0,,2025.1.1,60.78388108738277,2025-09-03 12h44.47.922555 +0530,
68,0.5,1.0,93.06511079999837,,93.0545560999999,93.06511079999837,93.56833599999845,93.56833599999845,93.56833599999845,93.88297899999998,94.3521368999991,right,1.0,1,1,0.7698329000013473,147072,001,2025-09-03_12h44.46.300,Adaptive Staircase Experiment - Tutorial 1.0,,2025.1.1,60.78388108738277,2025-09-03 12h44.47.922555 +0530,
69,0.5,1.0,94.3663749999996,,94.35269229999903,94.3663749999996,94.85073189999821,94.85073189999821,94.85073189999821,95.15109719999964,95.5329890999983,left,-1.0,1,1,0.6724262999996427,147072,001,2025-09-03_12h44.46.300,Adaptive Staircase Experiment - Tutorial 1.0,,2025.1.1,60.78388108738277,2025-09-03 12h44.47.922555 +0530,
70,0.5,1.0,95.5486138999986,,95.53334469999936,95.5486138999986,96.03417489999993,96.03417489999993,96.03417489999993,96.33262309999918,97.00262599999951,right,1.0,1,1,0.959799700000076,147072,001,2025-09-03_12h44.46.300,Adaptive Staircase Experiment - Tutorial 1.0,,2025.1.1,60.78388108738277,2025-09-03 12h44.47.922555 +0530,
71,0.5,1.0,97.01902209999935,,97.00330509999912,97.01902209999935,97.50209369999902,97.50209369999902,97.50209369999902,97.81792049999967,98.36650539999937,left,-1.0,1,1,0.8603667999996105,147072,001,2025-09-03_12h44.46.300,Adaptive Staircase Experiment - Tutorial 1.0,,2025.1.1,60.78388108738277,2025-09-03 12h44.47.922555 +0530,
72,0.5,1.0,98.38323799999853,,98.36695549999968,98.38323799999853,98.86756759999844,98.86756759999844,98.86756759999844,99.16953719999947,99.78641519999837,right,1.0,1,1,0.902159400000528,147072,001,2025-09-03_12h44.46.300,Adaptive Staircase Experiment - Tutorial 1.0,,2025.1.1,60.78388108738277,2025-09-03 12h44.47.922555 +0530,
73,0.5,1.0,99.80130529999951,,99.78676749999977,99.80130529999951,100.30247859999872,100.30247859999872,100.30247859999872,100.61976379999942,101.37062869999863,right,1.0,1,1,1.0507087999994837,147072,001,2025-09-03_12h44.46.300,Adaptive Staircase Experiment - Tutorial 1.0,,2025.1.1,60.78388108738277,2025-09-03 12h44.47.922555 +0530,
74,0.5,1.0,101.38397109999823,,101.3712059999998,101.38397109999823,101.88470399999824,101.88470399999824,101.88470399999824,102.18669829999999,103.31522359999872,left,-1.0,0,0,1.4181009999992966,147072,001,2025-09-03_12h44.46.300,Adaptive Staircase Experiment - Tutorial 1.0,,2025.1.1,60.78388108738277,2025-09-03 12h44.47.922555 +0530,
75,0.5,1.5,103.33149639999829,,103.3155096999999,103.33149639999829,103.81917639999847,103.81917639999847,103.81917639999847,104.13693769999918,104.45050149999952,right,1.5,1,1,0.6219734000005701,147072,001,2025-09-03_12h44.46.300,Adaptive Staircase Experiment - Tutorial 1.0,,2025.1.1,60.78388108738277,2025-09-03 12h44.47.922555 +0530,
76,0.5,1.5,104.46638869999879,,104.45080829999824,104.46638869999879,104.94962679999844,104.94962679999844,104.94962679999844,105.25162959999943,105.68613319999895,right,1.5,1,1,0.7314973000011378,147072,001,2025-09-03_12h44.46.300,Adaptive Staircase Experiment - Tutorial 1.0,,2025.1.1,60.78388108738277,2025-09-03 12h44.47.922555 +0530,
77,0.5,1.5,105.7021539999987,,105.68676119999873,105.7021539999987,106.18629939999846,106.18629939999846,106.18629939999846,106.5037674999985,106.83599309999954,right,1.5,1,1,0.6483924000003753,147072,001,2025-09-03_12h44.46.300,Adaptive Staircase Experiment - Tutorial 1.0,,2025.1.1,60.78388108738277,2025-09-03 12h44.47.922555 +0530,
78,0.5,1.0,106.85024579999845,,106.83644159999858,106.85024579999845,107.35011599999962,107.35011599999962,107.35011599999962,107.65357069999845,108.85346029999891,right,1.0,1,1,1.492689299999256,147072,001,2025-09-03_12h44.46.300,Adaptive Staircase Experiment - Tutorial 1.0,,2025.1.1,60.78388108738277,2025-09-03 12h44.47.922555 +0530,
79,0.5,1.0,108.87002849999953,,108.85404029999881,108.87002849999953,109.37067659999957,109.37067659999957,109.37067659999957,109.68657529999837,110.1866773999991,left,-1.0,1,1,0.803578799999741,147072,001,2025-09-03_12h44.46.300,Adaptive Staircase Experiment - Tutorial 1.0,,2025.1.1,60.78388108738277,2025-09-03 12h44.47.922555 +0530,
80,0.5,1.0,110.20274379999864,,110.18709299999864,110.20274379999864,110.70317689999865,110.70317689999865,110.70317689999865,111.02042359999905,111.65015249999851,right,1.0,0,0,0.9387356999995973,147072,001,2025-09-03_12h44.46.300,Adaptive Staircase Experiment - Tutorial 1.0,,2025.1.1,60.78388108738277,2025-09-03 12h44.47.922555 +0530,
81,0.5,1.5,111.66622379999899,,111.65042039999935,111.66622379999899,112.15120899999965,112.15120899999965,112.15120899999965,112.44968529999824,113.03866069999822,left,-1.5,1,1,0.8835610000005545,147072,001,2025-09-03_12h44.46.300,Adaptive Staircase Experiment - Tutorial 1.0,,2025.1.1,60.78388108738277,2025-09-03 12h44.47.922555 +0530,
82,0.5,1.5,113.05036349999864,,113.03900869999961,113.05036349999864,113.55370159999984,113.55370159999984,113.55370159999984,113.8686848999987,114.22405299999991,right,1.5,1,1,0.665842899999916,147072,001,2025-09-03_12h44.46.300,Adaptive Staircase Experiment - Tutorial 1.0,,2025.1.1,60.78388108738277,2025-09-03 12h44.47.922555 +0530,
83,0.5,1.5,114.23551159999988,,114.22508639999978,114.23551159999988,114.73300789999848,114.73300789999848,114.73300789999848,115.03718299999855,116.27517079999961,right,1.5,1,1,1.5370352000009007,147072,001,2025-09-03_12h44.46.300,Adaptive Staircase Experiment - Tutorial 1.0,,2025.1.1,60.78388108738277,2025-09-03 12h44.47.922555 +0530,
84,0.5,1.0,116.28704839999955,,116.27574559999994,116.28704839999955,116.78733569999895,116.78733569999895,116.78733569999895,117.08785979999993,117.95740329999899,right,1.0,1,1,1.1638667000006535,147072,001,2025-09-03_12h44.46.300,Adaptive Staircase Experiment - Tutorial 1.0,,2025.1.1,60.78388108738277,2025-09-03 12h44.47.922555 +0530,
85,0.5,1.0,117.97088319999966,,117.95799019999868,117.97088319999966,118.46973379999872,118.46973379999872,118.46973379999872,118.77118939999855,119.10534189999998,left,-1.0,1,1,0.6259217000006174,147072,001,2025-09-03_12h44.46.300,Adaptive Staircase Experiment - Tutorial 1.0,,2025.1.1,60.78388108738277,2025-09-03 12h44.47.922555 +0530,
86,0.5,1.0,119.12142569999924,,119.10598799999934,119.12142569999924,119.60432209999999,119.60432209999999,119.60432209999999,119.90528549999908,120.3549407999999,left,-1.0,1,1,0.7405885000007402,147072,001,2025-09-03_12h44.46.300,Adaptive Staircase Experiment - Tutorial 1.0,,2025.1.1,60.78388108738277,2025-09-03 12h44.47.922555 +0530,
87,0.5,1.0,120.37093229999846,,120.35550749999857,120.37093229999846,120.86978449999879,120.86978449999879,120.86978449999879,121.18481269999938,121.57450919999974,right,1.0,1,1,0.69998730000043,147072,001,2025-09-03_12h44.46.300,Adaptive Staircase Experiment - Tutorial 1.0,,2025.1.1,60.78388108738277,2025-09-03 12h44.47.922555 +0530,
88,0.5,1.0,121.5845264999989,,121.57495949999975,121.5845264999989,122.08811239999886,122.08811239999886,122.08811239999886,122.40474929999982,122.83745169999929,right,1.0,0,0,0.7443652999991173,147072,001,2025-09-03_12h44.46.300,Adaptive Staircase Experiment - Tutorial 1.0,,2025.1.1,60.78388108738277,2025-09-03 12h44.47.922555 +0530,
89,0.5,1.5,122.85232459999861,,122.83788109999841,122.85232459999861,123.35126209999908,123.35126209999908,123.35126209999908,123.6552888999995,124.08551849999822,right,1.5,0,0,0.7292311000001064,147072,001,2025-09-03_12h44.46.300,Adaptive Staircase Experiment - Tutorial 1.0,,2025.1.1,60.78388108738277,2025-09-03 12h44.47.922555 +0530,
90,0.5,2.0,124.10328429999936,,124.08587389999957,124.10328429999936,124.58914419999928,124.58914419999928,124.58914419999928,124.88844319999953,125.36770759999854,right,2.0,1,1,0.7668154999992112,147072,001,2025-09-03_12h44.46.300,Adaptive Staircase Experiment - Tutorial 1.0,,2025.1.1,60.78388108738277,2025-09-03 12h44.47.922555 +0530,
91,0.5,2.0,125.38510639999913,,125.36802179999904,125.38510639999913,125.86974109999937,125.86974109999937,125.86974109999937,126.1715906999998,126.55438119999963,right,2.0,1,1,0.671378500001083,147072,001,2025-09-03_12h44.46.300,Adaptive Staircase Experiment - Tutorial 1.0,,2025.1.1,60.78388108738277,2025-09-03 12h44.47.922555 +0530,
92,0.5,2.0,126.57006189999993,,126.55489169999964,126.57006189999993,127.07218089999878,127.07218089999878,127.07218089999878,127.38501919999908,128.00401079999938,right,2.0,1,1,0.9195338000008633,147072,001,2025-09-03_12h44.46.300,Adaptive Staircase Experiment - Tutorial 1.0,,2025.1.1,60.78388108738277,2025-09-03 12h44.47.922555 +0530,
93,0.5,1.5,128.01833689999876,,128.00441229999888,128.01833689999876,128.51925899999878,128.51925899999878,128.51925899999878,128.83286559999942,129.45339219999914,right,1.5,1,1,0.9246581999996124,147072,001,2025-09-03_12h44.46.300,Adaptive Staircase Experiment - Tutorial 1.0,,2025.1.1,60.78388108738277,2025-09-03 12h44.47.922555 +0530,
94,0.5,1.5,129.46942669999953,,129.45379749999847,129.46942669999953,129.95447909999893,129.95447909999893,129.95447909999893,130.26655609999943,130.55130799999824,right,1.5,1,1,0.5798191000012594,147072,001,2025-09-03_12h44.46.300,Adaptive Staircase Experiment - Tutorial 1.0,,2025.1.1,60.78388108738277,2025-09-03 12h44.47.922555 +0530,
95,0.5,1.5,130.5669661999982,,130.55147489999945,130.5669661999982,131.05319139999847,131.05319139999847,131.05319139999847,131.35671319999892,131.7573046999987,right,1.5,1,1,0.6962151999996422,147072,001,2025-09-03_12h44.46.300,Adaptive Staircase Experiment - Tutorial 1.0,,2025.1.1,60.78388108738277,2025-09-03 12h44.47.922555 +0530,
96,0.5,1.0,131.77076259999922,,131.75794389999828,131.77076259999922,132.26856399999997,132.26856399999997,132.26856399999997,132.5706083999994,133.00317649999852,right,1.0,1,1,0.7207108000002336,147072,001,2025-09-03_12h44.46.300,Adaptive Staircase Experiment - Tutorial 1.0,,2025.1.1,60.78388108738277,2025-09-03 12h44.47.922555 +0530,
97,0.5,1.0,133.01880829999936,,133.0034827999989,133.01880829999936,133.5025431999984,133.5025431999984,133.5025431999984,133.8027719999991,133.9905190999998,right,1.0,1,1,0.4803420999996888,147072,001,2025-09-03_12h44.46.300,Adaptive Staircase Experiment - Tutorial 1.0,,2025.1.1,60.78388108738277,2025-09-03 12h44.47.922555 +0530,
98,0.5,1.0,134.0041915999991,,133.99110879999898,134.0041915999991,134.5060846999986,134.5060846999986,134.5060846999986,134.82055239999863,135.65424799999892,right,1.0,1,1,1.1356546999995771,147072,001,2025-09-03_12h44.46.300,Adaptive Staircase Experiment - Tutorial 1.0,,2025.1.1,60.78388108738277,2025-09-03 12h44.47.922555 +0530,
99,0.5,1.0,135.66971589999957,,135.6546129999988,135.66971589999957,136.1555386,136.1555386,136.1555386,136.45478249999906,137.48866899999848,right,1.0,1,1,1.3270188999995298,147072,001,2025-09-03_12h44.46.300,Adaptive Staircase Experiment - Tutorial 1.0,,2025.1.1,60.78388108738277,2025-09-03 12h44.47.922555 +0530,
