thisN,thisTrialN,thisRepN,tilt,key_resp.keys,key_resp.corr,key_resp.rt,key_resp.duration,trials.thisRepN,trials.thisTrialN,trials.thisN,trials.thisIndex,thisRow.t,notes,trial.started,Fixation.started,key_resp.started,Fixation.stopped,trial.stopped,trials.tilt,trials.key_resp.keys,trials.key_resp.corr,trials.key_resp.rt,trials.key_resp.duration,participant,session,date,expName,expVersion,psychopyVersion,frameRate,expStart,
0,0,0,0,up,1,0.8829304999671876,None,0,0,0,0,0.032985700003337115,,0.016247600025963038,0.032985700003337115,0.5008106000022963,0.5335568999871612,1.3924560000305064,0,up,1,0.8829304999671876,None,413440,001,2025-09-11_15h18.40.670,Orient Discrimination Experiment - Tutorial 2.0,,2025.1.1,60.66102316769985,2025-09-11 15h18.41.539000 +0530,
1,0,1,-4,down,1,0.8129083999665454,None,1,0,1,0,1.3987698000273667,,1.3929149000323378,1.3987698000273667,1.899924200028181,1.899924200028181,2.7177040000096895,-4,down,1,0.8129083999665454,None,413440,001,2025-09-11_15h18.40.670,Orient Discrimination Experiment - Tutorial 2.0,,2025.1.1,60.66102316769985,2025-09-11 15h18.41.539000 +0530,
2,0,2,-3,down,1,0.7509953000117093,None,2,0,2,0,2.7331845000153407,,2.7181650000275113,2.7331845000153407,3.2333623000304215,3.2333623000304215,4.000778999994509,-3,down,1,0.7509953000117093,None,413440,001,2025-09-11_15h18.40.670,Orient Discrimination Experiment - Tutorial 2.0,,2025.1.1,60.66102316769985,2025-09-11 15h18.41.539000 +0530,
3,0,3,0,up,1,0.9129943000152707,None,3,0,3,0,4.016972100012936,,4.001127200026531,4.016972100012936,4.499738799990155,4.51698449999094,5.417505400022492,0,up,1,0.9129943000152707,None,413440,001,2025-09-11_15h18.40.670,Orient Discrimination Experiment - Tutorial 2.0,,2025.1.1,60.66102316769985,2025-09-11 15h18.41.539000 +0530,
4,0,4,2,down,1,0.8139624999603257,None,4,0,4,0,5.433271799993236,,5.417887800023891,5.433271799993236,5.93360530002974,5.93360530002974,6.7514090000186116,2,down,1,0.8139624999603257,None,413440,001,2025-09-11_15h18.40.670,Orient Discrimination Experiment - Tutorial 2.0,,2025.1.1,60.66102316769985,2025-09-11 15h18.41.539000 +0530,
5,0,5,0,up,1,0.7514135999954306,None,5,0,5,0,6.766609200043604,,6.7517804999952205,6.766609200043604,7.266548199986573,7.266548199986573,8.034356500022113,0,up,1,0.7514135999954306,None,413440,001,2025-09-11_15h18.40.670,Orient Discrimination Experiment - Tutorial 2.0,,2025.1.1,60.66102316769985,2025-09-11 15h18.41.539000 +0530,
6,0,6,0,up,1,0.7406918000197038,None,6,0,6,0,8.049816100043245,,8.034836500009988,8.049816100043245,8.533510200039018,8.550047500000801,9.283035700034816,0,up,1,0.7406918000197038,None,413440,001,2025-09-11_15h18.40.670,Orient Discrimination Experiment - Tutorial 2.0,,2025.1.1,60.66102316769985,2025-09-11 15h18.41.539000 +0530,
7,0,7,0,up,1,0.7057258000131696,None,7,0,7,0,9.300058000022545,,9.28336440003477,9.300058000022545,9.78327850002097,9.800211900030263,10.500788800010923,0,up,1,0.7057258000131696,None,413440,001,2025-09-11_15h18.40.670,Orient Discrimination Experiment - Tutorial 2.0,,2025.1.1,60.66102316769985,2025-09-11 15h18.41.539000 +0530,
8,0,8,-4,down,1,0.690629499964416,None,8,0,8,0,10.51646489999257,,10.501331300009042,10.51646489999257,11.016574700013734,11.016574700013734,11.717088300036266,-4,down,1,0.690629499964416,None,413440,001,2025-09-11_15h18.40.670,Orient Discrimination Experiment - Tutorial 2.0,,2025.1.1,60.66102316769985,2025-09-11 15h18.41.539000 +0530,
9,0,9,0,up,1,0.9178374000475742,None,9,0,9,0,11.73315540002659,,11.717417200037744,11.73315540002659,12.216625400003977,12.233181499992497,13.150743000034709,0,up,1,0.9178374000475742,None,413440,001,2025-09-11_15h18.40.670,Orient Discrimination Experiment - Tutorial 2.0,,2025.1.1,60.66102316769985,2025-09-11 15h18.41.539000 +0530,
10,0,10,1,up,0,0.7876294000307098,None,10,0,10,0,13.166724300011992,,13.151239600032568,13.166724300011992,13.650074300006963,13.666923900018446,14.450667200027965,1,up,0,0.7876294000307098,None,413440,001,2025-09-11_15h18.40.670,Orient Discrimination Experiment - Tutorial 2.0,,2025.1.1,60.66102316769985,2025-09-11 15h18.41.539000 +0530,
11,0,11,0,up,1,0.8351296000182629,None,11,0,11,0,14.466287299990654,,14.45111150003504,14.466287299990654,14.950278700038325,14.966992100002244,15.800378200015984,0,up,1,0.8351296000182629,None,413440,001,2025-09-11_15h18.40.670,Orient Discrimination Experiment - Tutorial 2.0,,2025.1.1,60.66102316769985,2025-09-11 15h18.41.539000 +0530,
12,0,12,-2,down,1,2.0015894999960437,None,12,0,12,0,15.816390099993441,,15.800765499996487,15.816390099993441,16.316884900035802,16.316884900035802,18.333123399992473,-2,down,1,2.0015894999960437,None,413440,001,2025-09-11_15h18.40.670,Orient Discrimination Experiment - Tutorial 2.0,,2025.1.1,60.66102316769985,2025-09-11 15h18.41.539000 +0530,
13,0,13,3,down,1,0.7639964999980293,None,13,0,13,0,18.34930830000667,,18.333494000020437,18.34930830000667,18.83306120004272,18.8497253000387,19.600904699997045,3,down,1,0.7639964999980293,None,413440,001,2025-09-11_15h18.40.670,Orient Discrimination Experiment - Tutorial 2.0,,2025.1.1,60.66102316769985,2025-09-11 15h18.41.539000 +0530,
14,0,14,3,down,1,0.7056834000395611,None,14,0,14,0,19.615862200036645,,19.60135720000835,19.615862200036645,20.116912900004536,20.116912900004536,20.83352330001071,3,down,1,0.7056834000395611,None,413440,001,2025-09-11_15h18.40.670,Orient Discrimination Experiment - Tutorial 2.0,,2025.1.1,60.66102316769985,2025-09-11 15h18.41.539000 +0530,
15,0,15,-5,down,1,0.6860912999836728,None,15,0,15,0,20.849484300008044,,20.833908000029624,20.849484300008044,21.334086499991827,21.350295200012624,22.033448700036388,-5,down,1,0.6860912999836728,None,413440,001,2025-09-11_15h18.40.670,Orient Discrimination Experiment - Tutorial 2.0,,2025.1.1,60.66102316769985,2025-09-11 15h18.41.539000 +0530,
16,0,16,3,down,1,0.6487189999897964,None,16,0,16,0,22.049034900031984,,22.033793300040998,22.049034900031984,22.532855299999937,22.549661500030197,23.185099499998614,3,down,1,0.6487189999897964,None,413440,001,2025-09-11_15h18.40.670,Orient Discrimination Experiment - Tutorial 2.0,,2025.1.1,60.66102316769985,2025-09-11 15h18.41.539000 +0530,
17,0,17,1,down,1,0.8053332999697886,None,17,0,17,0,23.19961950002471,,23.185578600037843,23.19961950002471,23.69986340001924,23.69986340001924,24.51784799998859,1,down,1,0.8053332999697886,None,413440,001,2025-09-11_15h18.40.670,Orient Discrimination Experiment - Tutorial 2.0,,2025.1.1,60.66102316769985,2025-09-11 15h18.41.539000 +0530,
18,0,18,0,up,1,1.1455876000109129,None,18,0,18,0,24.533338900015224,,24.518184899992775,24.533338900015224,25.032735000015236,25.032735000015236,26.183397700020578,0,up,1,1.1455876000109129,None,413440,001,2025-09-11_15h18.40.670,Orient Discrimination Experiment - Tutorial 2.0,,2025.1.1,60.66102316769985,2025-09-11 15h18.41.539000 +0530,
19,0,19,-4,down,1,0.8549441000213847,None,19,0,19,0,26.19963290001033,,26.183804100030102,26.19963290001033,26.699640100006945,26.699640100006945,27.566651800007094,-4,down,1,0.8549441000213847,None,413440,001,2025-09-11_15h18.40.670,Orient Discrimination Experiment - Tutorial 2.0,,2025.1.1,60.66102316769985,2025-09-11 15h18.41.539000 +0530,
20,0,20,1,down,1,0.8329632999957539,None,20,0,20,0,27.582315600011498,,27.5669752000249,27.582315600011498,28.0664016000228,28.082491000008304,28.901810300012585,1,down,1,0.8329632999957539,None,413440,001,2025-09-11_15h18.40.670,Orient Discrimination Experiment - Tutorial 2.0,,2025.1.1,60.66102316769985,2025-09-11 15h18.41.539000 +0530,
21,0,21,0,up,1,0.6000118000083603,None,21,0,21,0,28.915818400040735,,28.902298200002406,28.915818400040735,29.416544200037606,29.416544200037606,30.017705800011754,0,up,1,0.6000118000083603,None,413440,001,2025-09-11_15h18.40.670,Orient Discrimination Experiment - Tutorial 2.0,,2025.1.1,60.66102316769985,2025-09-11 15h18.41.539000 +0530,
22,0,22,0,up,1,0.563319600012619,None,22,0,22,0,30.03264059999492,,30.018071300000884,30.03264059999492,30.532659300020896,30.532659300020896,31.100462600006722,0,up,1,0.563319600012619,None,413440,001,2025-09-11_15h18.40.670,Orient Discrimination Experiment - Tutorial 2.0,,2025.1.1,60.66102316769985,2025-09-11 15h18.41.539000 +0530,
23,0,23,1,down,1,0.8768444000161253,None,23,0,23,0,31.115699800022412,,31.100820199993905,31.115699800022412,31.616108799993526,31.616108799993526,32.50012179999612,1,down,1,0.8768444000161253,None,413440,001,2025-09-11_15h18.40.670,Orient Discrimination Experiment - Tutorial 2.0,,2025.1.1,60.66102316769985,2025-09-11 15h18.41.539000 +0530,
24,0,24,-5,down,1,1.1019944000290707,None,24,0,24,0,32.51516820001416,,32.50057790003484,32.51516820001416,32.99971820000792,33.01590090000536,34.117101999989245,-5,down,1,1.1019944000290707,None,413440,001,2025-09-11_15h18.40.670,Orient Discrimination Experiment - Tutorial 2.0,,2025.1.1,60.66102316769985,2025-09-11 15h18.41.539000 +0530,
25,0,25,0,up,1,1.053775099979248,None,25,0,25,0,34.132462900015526,,34.11753950000275,34.132462900015526,34.63236119999783,34.63236119999783,35.70063959999243,0,up,1,1.053775099979248,None,413440,001,2025-09-11_15h18.40.670,Orient Discrimination Experiment - Tutorial 2.0,,2025.1.1,60.66102316769985,2025-09-11 15h18.41.539000 +0530,
26,0,26,3,down,1,0.5863546000327915,None,26,0,26,0,35.71526590001304,,35.700997700041626,35.71526590001304,36.21544759999961,36.21544759999961,36.81658750004135,3,down,1,0.5863546000327915,None,413440,001,2025-09-11_15h18.40.670,Orient Discrimination Experiment - Tutorial 2.0,,2025.1.1,60.66102316769985,2025-09-11 15h18.41.539000 +0530,
27,0,27,0,up,1,0.7279733000323176,None,27,0,27,0,36.83196700003464,,36.81689409998944,36.83196700003464,37.31591820000904,37.332639800035395,38.04931730002863,0,up,1,0.7279733000323176,None,413440,001,2025-09-11_15h18.40.670,Orient Discrimination Experiment - Tutorial 2.0,,2025.1.1,60.66102316769985,2025-09-11 15h18.41.539000 +0530,
28,0,28,-5,down,1,0.6755463000154123,None,28,0,28,0,38.065768200031016,,38.04968550003832,38.065768200031016,38.54905900004087,38.565169400011655,39.23308530001668,-5,down,1,0.6755463000154123,None,413440,001,2025-09-11_15h18.40.670,Orient Discrimination Experiment - Tutorial 2.0,,2025.1.1,60.66102316769985,2025-09-11 15h18.41.539000 +0530,
29,0,29,0,up,1,0.7508365000248887,None,29,0,29,0,39.24911949998932,,39.23342629999388,39.24911949998932,39.7321911000181,39.748395600006916,40.49928220000584,0,up,1,0.7508365000248887,None,413440,001,2025-09-11_15h18.40.670,Orient Discrimination Experiment - Tutorial 2.0,,2025.1.1,60.66102316769985,2025-09-11 15h18.41.539000 +0530,
30,0,30,0,up,1,0.7859884999925271,None,30,0,30,0,40.51587450003717,,40.499707100039814,40.51587450003717,40.99890190002043,41.01558519998798,41.79942240001401,0,up,1,0.7859884999925271,None,413440,001,2025-09-11_15h18.40.670,Orient Discrimination Experiment - Tutorial 2.0,,2025.1.1,60.66102316769985,2025-09-11 15h18.41.539000 +0530,
31,0,31,4,down,1,0.8692226999555714,None,31,0,31,0,41.815671999996994,,41.79976890003309,41.815671999996994,42.29892910004128,42.3159139000345,43.18370600003982,4,down,1,0.8692226999555714,None,413440,001,2025-09-11_15h18.40.670,Orient Discrimination Experiment - Tutorial 2.0,,2025.1.1,60.66102316769985,2025-09-11 15h18.41.539000 +0530,
32,0,32,1,up,0,0.7322376000229269,None,32,0,32,0,43.199013800011016,,43.18419860000722,43.199013800011016,43.69907810003497,43.69907810003497,44.433613000030164,1,up,0,0.7322376000229269,None,413440,001,2025-09-11_15h18.40.670,Orient Discrimination Experiment - Tutorial 2.0,,2025.1.1,60.66102316769985,2025-09-11 15h18.41.539000 +0530,
33,0,33,0,up,1,0.6892819000058807,None,33,0,33,0,44.449686100007966,,44.433910300023854,44.449686100007966,44.948710400029086,44.948710400029086,45.650153900031,0,up,1,0.6892819000058807,None,413440,001,2025-09-11_15h18.40.670,Orient Discrimination Experiment - Tutorial 2.0,,2025.1.1,60.66102316769985,2025-09-11 15h18.41.539000 +0530,
34,0,34,0,up,1,0.8169539999798872,None,34,0,34,0,45.665624500019476,,45.65053380001336,45.665624500019476,46.16558690002421,46.16558690002421,46.98463630001061,0,up,1,0.8169539999798872,None,413440,001,2025-09-11_15h18.40.670,Orient Discrimination Experiment - Tutorial 2.0,,2025.1.1,60.66102316769985,2025-09-11 15h18.41.539000 +0530,
35,0,35,0,up,1,0.8407372999936342,None,35,0,35,0,46.99901500000851,,46.98493070004042,46.99901500000851,47.49918220000109,47.49918220000109,48.349386100017,0,up,1,0.8407372999936342,None,413440,001,2025-09-11_15h18.40.670,Orient Discrimination Experiment - Tutorial 2.0,,2025.1.1,60.66102316769985,2025-09-11 15h18.41.539000 +0530,
36,0,36,3,down,1,0.7464121999801137,None,36,0,36,0,48.365331700013485,,48.3497848000261,48.365331700013485,48.8484252000344,48.86502040002961,49.60003690002486,3,down,1,0.7464121999801137,None,413440,001,2025-09-11_15h18.40.670,Orient Discrimination Experiment - Tutorial 2.0,,2025.1.1,60.66102316769985,2025-09-11 15h18.41.539000 +0530,
37,0,37,-3,down,1,0.9390449000056833,None,37,0,37,0,49.614756700000726,,49.60046440002043,49.614756700000726,50.099155400006566,50.11588490003487,51.04949940001825,-3,down,1,0.9390449000056833,None,413440,001,2025-09-11_15h18.40.670,Orient Discrimination Experiment - Tutorial 2.0,,2025.1.1,60.66102316769985,2025-09-11 15h18.41.539000 +0530,
38,0,38,4,down,1,0.6142964999889955,None,38,0,38,0,51.0656764000305,,51.049833500001114,51.0656764000305,51.5488271000213,51.56532320001861,52.16673900000751,4,down,1,0.6142964999889955,None,413440,001,2025-09-11_15h18.40.670,Orient Discrimination Experiment - Tutorial 2.0,,2025.1.1,60.66102316769985,2025-09-11 15h18.41.539000 +0530,
39,0,39,0,down,0,0.7175941999885254,None,39,0,39,0,52.18223560001934,,52.16732960002264,52.18223560001934,52.682218400004786,52.682218400004786,53.4028699999908,0,down,0,0.7175941999885254,None,413440,001,2025-09-11_15h18.40.670,Orient Discrimination Experiment - Tutorial 2.0,,2025.1.1,60.66102316769985,2025-09-11 15h18.41.539000 +0530,
40,0,40,0,up,1,0.7070380999939516,None,40,0,40,0,53.41569829999935,,53.40327850001631,53.41569829999935,53.915285199997015,53.915285199997015,54.63287940004375,0,up,1,0.7070380999939516,None,413440,001,2025-09-11_15h18.40.670,Orient Discrimination Experiment - Tutorial 2.0,,2025.1.1,60.66102316769985,2025-09-11 15h18.41.539000 +0530,
41,0,41,2,up,0,0.7018530000350438,None,41,0,41,0,54.64873020001687,,54.633242000010796,54.64873020001687,55.131913500023074,55.149050800013356,55.834405400033575,2,up,0,0.7018530000350438,None,413440,001,2025-09-11_15h18.40.670,Orient Discrimination Experiment - Tutorial 2.0,,2025.1.1,60.66102316769985,2025-09-11 15h18.41.539000 +0530,
42,0,42,0,up,1,0.6697032999945804,None,42,0,42,0,55.84843820001697,,55.834730300004594,55.84843820001697,56.34878790000221,56.34878790000221,57.03017730003921,0,up,1,0.6697032999945804,None,413440,001,2025-09-11_15h18.40.670,Orient Discrimination Experiment - Tutorial 2.0,,2025.1.1,60.66102316769985,2025-09-11 15h18.41.539000 +0530,
43,0,43,0,up,1,0.7371389999752864,None,43,0,43,0,57.04678780003451,,57.03039610001724,57.04678780003451,57.53219950001221,57.54823379998561,58.28295940003591,0,up,1,0.7371389999752864,None,413440,001,2025-09-11_15h18.40.670,Orient Discrimination Experiment - Tutorial 2.0,,2025.1.1,60.66102316769985,2025-09-11 15h18.41.539000 +0530,
44,0,44,0,up,1,0.6672208000090905,None,44,0,44,0,58.29861590004293,,58.28334210003959,58.29861590004293,58.78227020002669,58.799507900024764,59.45016479998594,0,up,1,0.6672208000090905,None,413440,001,2025-09-11_15h18.40.670,Orient Discrimination Experiment - Tutorial 2.0,,2025.1.1,60.66102316769985,2025-09-11 15h18.41.539000 +0530,
45,0,45,0,up,1,0.717899999988731,None,45,0,45,0,59.46565070003271,,59.45048510003835,59.46565070003271,59.965649500023574,59.965649500023574,60.69845440000063,0,up,1,0.717899999988731,None,413440,001,2025-09-11_15h18.40.670,Orient Discrimination Experiment - Tutorial 2.0,,2025.1.1,60.66102316769985,2025-09-11 15h18.41.539000 +0530,
46,0,46,-3,down,1,0.8065173999639228,None,46,0,46,0,60.715776600001846,,60.69885410001734,60.715776600001846,61.198544100043364,61.2152140000253,62.01581340003759,-3,down,1,0.8065173999639228,None,413440,001,2025-09-11_15h18.40.670,Orient Discrimination Experiment - Tutorial 2.0,,2025.1.1,60.66102316769985,2025-09-11 15h18.41.539000 +0530,
47,0,47,0,down,0,0.9606283000321127,None,47,0,47,0,62.03202700003749,,62.01615430001402,62.03202700003749,62.51538040000014,62.5321095000254,63.48292550002225,0,down,0,0.9606283000321127,None,413440,001,2025-09-11_15h18.40.670,Orient Discrimination Experiment - Tutorial 2.0,,2025.1.1,60.66102316769985,2025-09-11 15h18.41.539000 +0530,
48,0,48,3,down,1,0.9085306000197306,None,48,0,48,0,63.49878770002397,,63.48338049999438,63.49878770002397,63.98189340002136,63.99870610004291,64.89930530003039,3,down,1,0.9085306000197306,None,413440,001,2025-09-11_15h18.40.670,Orient Discrimination Experiment - Tutorial 2.0,,2025.1.1,60.66102316769985,2025-09-11 15h18.41.539000 +0530,
49,0,49,0,up,1,0.8167283000075258,None,49,0,49,0,64.91603490000125,,64.89973930001725,64.91603490000125,65.39835790003417,65.43195910000941,66.21655429998646,0,up,1,0.8167283000075258,None,413440,001,2025-09-11_15h18.40.670,Orient Discrimination Experiment - Tutorial 2.0,,2025.1.1,60.66102316769985,2025-09-11 15h18.41.539000 +0530,
50,0,50,-5,down,1,1.4552548000356182,None,50,0,50,0,66.23196000000462,,66.21694050001679,66.23196000000462,66.7316509000375,66.7316509000375,68.19953710003756,-5,down,1,1.4552548000356182,None,413440,001,2025-09-11_15h18.40.670,Orient Discrimination Experiment - Tutorial 2.0,,2025.1.1,60.66102316769985,2025-09-11 15h18.41.539000 +0530,
51,0,51,1,up,0,0.9054912999854423,None,51,0,51,0,68.21507110004313,,68.19991389999632,68.21507110004313,68.7149977000081,68.7149977000081,69.63039490004303,1,up,0,0.9054912999854423,None,413440,001,2025-09-11_15h18.40.670,Orient Discrimination Experiment - Tutorial 2.0,,2025.1.1,60.66102316769985,2025-09-11 15h18.41.539000 +0530,
52,0,52,0,down,0,1.5395000000135042,None,52,0,52,0,69.64663620002102,,69.63064430002123,69.64663620002102,70.13164239999605,70.14824420004152,71.68261700001312,0,down,0,1.5395000000135042,None,413440,001,2025-09-11_15h18.40.670,Orient Discrimination Experiment - Tutorial 2.0,,2025.1.1,60.66102316769985,2025-09-11 15h18.41.539000 +0530,
53,0,53,0,up,1,1.2661381000070833,None,53,0,53,0,71.69831850001356,,71.68296629999531,71.69831850001356,72.18180510000093,72.19804530002875,73.4488427999895,0,up,1,1.2661381000070833,None,413440,001,2025-09-11_15h18.40.670,Orient Discrimination Experiment - Tutorial 2.0,,2025.1.1,60.66102316769985,2025-09-11 15h18.41.539000 +0530,
54,0,54,3,down,1,0.7343230000115,None,54,0,54,0,73.46519760001684,,73.44924390001688,73.46519760001684,73.94843320001382,73.96518540004035,74.68336369999452,3,down,1,0.7343230000115,None,413440,001,2025-09-11_15h18.40.670,Orient Discrimination Experiment - Tutorial 2.0,,2025.1.1,60.66102316769985,2025-09-11 15h18.41.539000 +0530,
55,0,55,-4,down,1,1.098585700034164,None,55,0,55,0,74.69750730000669,,74.68369400000665,74.69750730000669,75.1988272999879,75.1988272999879,76.29953540000133,-4,down,1,1.098585700034164,None,413440,001,2025-09-11_15h18.40.670,Orient Discrimination Experiment - Tutorial 2.0,,2025.1.1,60.66102316769985,2025-09-11 15h18.41.539000 +0530,
56,0,56,0,up,1,0.639148699992802,None,56,0,56,0,76.31489620002685,,76.29991290002363,76.31489620002685,76.81469060003292,76.81469060003292,77.46602679998614,0,up,1,0.639148699992802,None,413440,001,2025-09-11_15h18.40.670,Orient Discrimination Experiment - Tutorial 2.0,,2025.1.1,60.66102316769985,2025-09-11 15h18.41.539000 +0530,
57,0,57,0,up,1,0.6771333999931812,None,57,0,57,0,77.48168850003276,,77.4664097999921,77.48168850003276,77.98219519999111,77.98219519999111,78.66506460000528,0,up,1,0.6771333999931812,None,413440,001,2025-09-11_15h18.40.670,Orient Discrimination Experiment - Tutorial 2.0,,2025.1.1,60.66102316769985,2025-09-11 15h18.41.539000 +0530,
58,0,58,3,down,1,0.8225206000497565,None,58,0,58,0,78.68131270003505,,78.66559510002844,78.68131270003505,79.16466850001598,79.18132800003514,79.99882430001162,3,down,1,0.8225206000497565,None,413440,001,2025-09-11_15h18.40.670,Orient Discrimination Experiment - Tutorial 2.0,,2025.1.1,60.66102316769985,2025-09-11 15h18.41.539000 +0530,
59,0,59,-2,up,0,2.954948900034651,None,59,0,59,0,80.01470629998948,,79.99919090000913,80.01470629998948,80.49794309999561,80.51491690002149,83.4659260000335,-2,up,0,2.954948900034651,None,413440,001,2025-09-11_15h18.40.670,Orient Discrimination Experiment - Tutorial 2.0,,2025.1.1,60.66102316769985,2025-09-11 15h18.41.539000 +0530,
60,0,60,3,down,1,0.7265036999597214,None,60,0,60,0,83.4811981000239,,83.46631839999463,83.4811981000239,83.98140769999009,83.98140769999009,84.71541669999715,3,down,1,0.7265036999597214,None,413440,001,2025-09-11_15h18.40.670,Orient Discrimination Experiment - Tutorial 2.0,,2025.1.1,60.66102316769985,2025-09-11 15h18.41.539000 +0530,
61,0,61,0,up,1,1.2100031000445597,None,61,0,61,0,84.73283320001792,,84.71573520003585,84.73283320001792,85.214192799991,85.24780350003857,86.43204069999047,0,up,1,1.2100031000445597,None,413440,001,2025-09-11_15h18.40.670,Orient Discrimination Experiment - Tutorial 2.0,,2025.1.1,60.66102316769985,2025-09-11 15h18.41.539000 +0530,
62,0,62,2,down,1,0.9272607000311837,None,62,0,62,0,86.44787299999734,,86.43239720002748,86.44787299999734,86.94822610000847,86.94822610000847,87.88177510001697,2,down,1,0.9272607000311837,None,413440,001,2025-09-11_15h18.40.670,Orient Discrimination Experiment - Tutorial 2.0,,2025.1.1,60.66102316769985,2025-09-11 15h18.41.539000 +0530,
63,0,63,-5,down,1,1.377129899978172,None,63,0,63,0,87.89773140003672,,87.88214619999053,87.89773140003672,88.38159120001364,88.39812820003135,89.76568210002733,-5,down,1,1.377129899978172,None,413440,001,2025-09-11_15h18.40.670,Orient Discrimination Experiment - Tutorial 2.0,,2025.1.1,60.66102316769985,2025-09-11 15h18.41.539000 +0530,
64,0,64,0,up,1,0.8476646000053734,None,64,0,64,0,89.7810570000438,,89.7660475000157,89.7810570000438,90.28189829998882,90.28189829998882,91.13183940004092,0,up,1,0.8476646000053734,None,413440,001,2025-09-11_15h18.40.670,Orient Discrimination Experiment - Tutorial 2.0,,2025.1.1,60.66102316769985,2025-09-11 15h18.41.539000 +0530,
65,0,65,-3,down,1,0.8126709000207484,None,65,0,65,0,91.14766660000896,,91.13217070000246,91.14766660000896,91.6309802000178,91.64768180000829,92.44846189999953,-3,down,1,0.8126709000207484,None,413440,001,2025-09-11_15h18.40.670,Orient Discrimination Experiment - Tutorial 2.0,,2025.1.1,60.66102316769985,2025-09-11 15h18.41.539000 +0530,
66,0,66,2,down,1,0.6102310999995098,None,66,0,66,0,92.46408190001966,,92.44885220000288,92.46408190001966,92.94761460000882,92.96456970000872,93.56493420002516,2,down,1,0.6102310999995098,None,413440,001,2025-09-11_15h18.40.670,Orient Discrimination Experiment - Tutorial 2.0,,2025.1.1,60.66102316769985,2025-09-11 15h18.41.539000 +0530,
67,0,67,-3,up,0,0.7313828999758698,None,67,0,67,0,93.58126589999301,,93.56531690002885,93.58126589999301,94.06486250000307,94.08199410000816,94.79947410000023,-3,up,0,0.7313828999758698,None,413440,001,2025-09-11_15h18.40.670,Orient Discrimination Experiment - Tutorial 2.0,,2025.1.1,60.66102316769985,2025-09-11 15h18.41.539000 +0530,
68,0,68,0,up,1,0.6436103000305593,None,68,0,68,0,94.81435460003559,,94.79980680003064,94.81435460003559,95.31435629999032,95.31435629999032,95.96564870001748,0,up,1,0.6436103000305593,None,413440,001,2025-09-11_15h18.40.670,Orient Discrimination Experiment - Tutorial 2.0,,2025.1.1,60.66102316769985,2025-09-11 15h18.41.539000 +0530,
69,0,69,-2,up,0,0.5237273999955505,None,69,0,69,0,95.98126810003305,,95.9661053000018,95.98126810003305,96.48111120000249,96.48111120000249,97.01497310004197,-2,up,0,0.5237273999955505,None,413440,001,2025-09-11_15h18.40.670,Orient Discrimination Experiment - Tutorial 2.0,,2025.1.1,60.66102316769985,2025-09-11 15h18.41.539000 +0530,
70,0,70,-5,down,1,0.6984164000023156,None,70,0,70,0,97.03086200001417,,97.01544480002485,97.03086200001417,97.51416050002445,97.53078660002211,98.21649270004127,-5,down,1,0.6984164000023156,None,413440,001,2025-09-11_15h18.40.670,Orient Discrimination Experiment - Tutorial 2.0,,2025.1.1,60.66102316769985,2025-09-11 15h18.41.539000 +0530,
71,0,71,0,down,0,0.7645879000192508,None,71,0,71,0,98.23079579998739,,98.21687100001145,98.23079579998739,98.73132080002688,98.73132080002688,99.498508699995,0,down,0,0.7645879000192508,None,413440,001,2025-09-11_15h18.40.670,Orient Discrimination Experiment - Tutorial 2.0,,2025.1.1,60.66102316769985,2025-09-11 15h18.41.539000 +0530,
72,0,72,0,down,0,0.5938542999792844,None,72,0,72,0,99.5139644999872,,99.49881890002871,99.5139644999872,99.99764539999887,100.01429940003436,100.59660099999746,0,down,0,0.5938542999792844,None,413440,001,2025-09-11_15h18.40.670,Orient Discrimination Experiment - Tutorial 2.0,,2025.1.1,60.66102316769985,2025-09-11 15h18.41.539000 +0530,
73,0,73,0,down,0,0.6414109999896027,None,73,0,73,0,100.61248880001949,,100.5968811000348,100.61248880001949,101.09799420001218,101.11396490002517,101.74849999998696,0,down,0,0.6414109999896027,None,413440,001,2025-09-11_15h18.40.670,Orient Discrimination Experiment - Tutorial 2.0,,2025.1.1,60.66102316769985,2025-09-11 15h18.41.539000 +0530,
74,0,74,4,down,1,0.6458664999809116,None,74,0,74,0,101.76396439998643,,101.74884010001551,101.76396439998643,102.2642147000297,102.2642147000297,102.91543749999255,4,down,1,0.6458664999809116,None,413440,001,2025-09-11_15h18.40.670,Orient Discrimination Experiment - Tutorial 2.0,,2025.1.1,60.66102316769985,2025-09-11 15h18.41.539000 +0530,
75,0,75,0,down,0,1.0224629999720491,None,75,0,75,0,102.93058610003209,,102.9158815999981,102.93058610003209,103.41320629999973,103.43081920000259,104.44834050000645,0,down,0,1.0224629999720491,None,413440,001,2025-09-11_15h18.40.670,Orient Discrimination Experiment - Tutorial 2.0,,2025.1.1,60.66102316769985,2025-09-11 15h18.41.539000 +0530,
76,0,76,-2,up,0,0.5337501000030898,None,76,0,76,0,104.46401719999267,,104.44874120003078,104.46401719999267,104.96414890000597,104.96414890000597,105.49875120003708,-2,up,0,0.5337501000030898,None,413440,001,2025-09-11_15h18.40.670,Orient Discrimination Experiment - Tutorial 2.0,,2025.1.1,60.66102316769985,2025-09-11 15h18.41.539000 +0530,
77,0,77,3,down,1,0.6560461000190116,None,77,0,77,0,105.51430030004121,,105.49916400003713,105.51430030004121,106.0145200000261,106.0145200000261,106.68157020001672,3,down,1,0.6560461000190116,None,413440,001,2025-09-11_15h18.40.670,Orient Discrimination Experiment - Tutorial 2.0,,2025.1.1,60.66102316769985,2025-09-11 15h18.41.539000 +0530,
78,0,78,0,up,1,0.896650500013493,None,78,0,78,0,106.69746090000262,,106.68190060002962,106.69746090000262,107.18093309999676,107.19654600002104,108.08190660004038,0,up,1,0.896650500013493,None,413440,001,2025-09-11_15h18.40.670,Orient Discrimination Experiment - Tutorial 2.0,,2025.1.1,60.66102316769985,2025-09-11 15h18.41.539000 +0530,
79,0,79,0,up,1,0.7268050999846309,None,79,0,79,0,108.09736120002344,,108.08229610003764,108.09736120002344,108.59758370002965,108.59758370002965,109.33135190000758,0,up,1,0.7268050999846309,None,413440,001,2025-09-11_15h18.40.670,Orient Discrimination Experiment - Tutorial 2.0,,2025.1.1,60.66102316769985,2025-09-11 15h18.41.539000 +0530,
80,0,80,0,up,1,0.6886052000336349,None,80,0,80,0,109.34747000003699,,109.33174729999155,109.34747000003699,109.83097479998833,109.8473525000154,110.53084700001637,0,up,1,0.6886052000336349,None,413440,001,2025-09-11_15h18.40.670,Orient Discrimination Experiment - Tutorial 2.0,,2025.1.1,60.66102316769985,2025-09-11 15h18.41.539000 +0530,
81,0,81,1,down,1,1.209507499996107,None,81,0,81,0,110.5469732999918,,110.53119830001378,110.5469732999918,111.03079990000697,111.04746199998772,112.24799830000848,1,down,1,1.209507499996107,None,413440,001,2025-09-11_15h18.40.670,Orient Discrimination Experiment - Tutorial 2.0,,2025.1.1,60.66102316769985,2025-09-11 15h18.41.539000 +0530,
82,0,82,0,down,0,0.6374550999607891,None,82,0,82,0,112.2638747000019,,112.24832170002628,112.2638747000019,112.74727049999638,112.76365269999951,113.39807870000368,0,down,0,0.6374550999607891,None,413440,001,2025-09-11_15h18.40.670,Orient Discrimination Experiment - Tutorial 2.0,,2025.1.1,60.66102316769985,2025-09-11 15h18.41.539000 +0530,
83,0,83,0,down,0,0.7044485000078566,None,83,0,83,0,113.41362850001315,,113.39842059998773,113.41362850001315,113.89742839999963,113.91442250000546,114.61593750002794,0,down,0,0.7044485000078566,None,413440,001,2025-09-11_15h18.40.670,Orient Discrimination Experiment - Tutorial 2.0,,2025.1.1,60.66102316769985,2025-09-11 15h18.41.539000 +0530,
84,0,84,-2,up,0,0.7496053000213578,None,84,0,84,0,114.6301101000281,,114.61628290003864,114.6301101000281,115.13025099999504,115.13025099999504,115.88166950002778,-2,up,0,0.7496053000213578,None,413440,001,2025-09-11_15h18.40.670,Orient Discrimination Experiment - Tutorial 2.0,,2025.1.1,60.66102316769985,2025-09-11 15h18.41.539000 +0530,
85,0,85,0,up,1,1.174031600006856,None,85,0,85,0,115.89652770000976,,115.88206520001404,115.89652770000976,116.39718349999748,116.39718349999748,117.58193789998768,0,up,1,1.174031600006856,None,413440,001,2025-09-11_15h18.40.670,Orient Discrimination Experiment - Tutorial 2.0,,2025.1.1,60.66102316769985,2025-09-11 15h18.41.539000 +0530,
86,0,86,-3,down,1,0.8345399999525398,None,86,0,86,0,117.59729950001929,,117.58238820004044,117.59729950001929,118.09740229998715,118.09740229998715,118.94741630001226,-3,down,1,0.8345399999525398,None,413440,001,2025-09-11_15h18.40.670,Orient Discrimination Experiment - Tutorial 2.0,,2025.1.1,60.66102316769985,2025-09-11 15h18.41.539000 +0530,
87,0,87,1,up,0,1.245676700025797,None,87,0,87,0,118.9631389999995,,118.94778370001586,118.9631389999995,119.44716640003026,119.46352420002222,120.69884650001768,1,up,0,1.245676700025797,None,413440,001,2025-09-11_15h18.40.670,Orient Discrimination Experiment - Tutorial 2.0,,2025.1.1,60.66102316769985,2025-09-11 15h18.41.539000 +0530,
88,0,88,0,up,1,0.8903110999963246,None,88,0,88,0,120.71399830002338,,120.69930600002408,120.71399830002338,121.21415120002348,121.21415120002348,122.11479210003745,0,up,1,0.8903110999963246,None,413440,001,2025-09-11_15h18.40.670,Orient Discrimination Experiment - Tutorial 2.0,,2025.1.1,60.66102316769985,2025-09-11 15h18.41.539000 +0530,
89,0,89,4,up,0,1.4139741000253707,None,89,0,89,0,122.13070330000482,,122.11523809999926,122.13070330000482,122.63033630000427,122.63033630000427,124.04799039999489,4,up,0,1.4139741000253707,None,413440,001,2025-09-11_15h18.40.670,Orient Discrimination Experiment - Tutorial 2.0,,2025.1.1,60.66102316769985,2025-09-11 15h18.41.539000 +0530,
90,0,90,0,up,1,0.8014698000042699,None,90,0,90,0,124.06309030001285,,124.0483125000028,124.06309030001285,124.56358840002213,124.56358840002213,125.38115620001918,0,up,1,0.8014698000042699,None,413440,001,2025-09-11_15h18.40.670,Orient Discrimination Experiment - Tutorial 2.0,,2025.1.1,60.66102316769985,2025-09-11 15h18.41.539000 +0530,
91,0,91,0,up,1,0.6432089000009,None,91,0,91,0,125.39709250000305,,125.38151750003453,125.39709250000305,125.88045160000911,125.8968184000114,126.53199500002665,0,up,1,0.6432089000009,None,413440,001,2025-09-11_15h18.40.670,Orient Discrimination Experiment - Tutorial 2.0,,2025.1.1,60.66102316769985,2025-09-11 15h18.41.539000 +0530,
92,0,92,0,up,1,0.7353480999590829,None,92,0,92,0,126.5473270000075,,126.53236030001426,126.5473270000075,127.04702340002405,127.04702340002405,127.79745310003636,0,up,1,0.7353480999590829,None,413440,001,2025-09-11_15h18.40.670,Orient Discrimination Experiment - Tutorial 2.0,,2025.1.1,60.66102316769985,2025-09-11 15h18.41.539000 +0530,
93,0,93,0,up,1,0.5483206000062637,None,93,0,93,0,127.81333420000738,,127.79780240001855,127.81333420000738,128.29678929998772,128.31377519998932,128.84800639998866,0,up,1,0.5483206000062637,None,413440,001,2025-09-11_15h18.40.670,Orient Discrimination Experiment - Tutorial 2.0,,2025.1.1,60.66102316769985,2025-09-11 15h18.41.539000 +0530,
94,0,94,4,down,1,1.0177960999426432,None,94,0,94,0,128.86299340002006,,128.84835710003972,128.86299340002006,129.36355710000498,129.36355710000498,130.3819952000049,4,down,1,1.0177960999426432,None,413440,001,2025-09-11_15h18.40.670,Orient Discrimination Experiment - Tutorial 2.0,,2025.1.1,60.66102316769985,2025-09-11 15h18.41.539000 +0530,
95,0,95,-5,down,1,1.0905575000215322,None,95,0,95,0,130.3970096000121,,130.3823390000034,130.3970096000121,130.89609220001148,130.89609220001148,131.997935899999,-5,down,1,1.0905575000215322,None,413440,001,2025-09-11_15h18.40.670,Orient Discrimination Experiment - Tutorial 2.0,,2025.1.1,60.66102316769985,2025-09-11 15h18.41.539000 +0530,
96,0,96,0,up,1,0.8032432000036351,None,96,0,96,0,132.01319180004066,,131.99831900000572,132.01319180004066,132.49663080001483,132.51314570003888,133.31477619998623,0,up,1,0.8032432000036351,None,413440,001,2025-09-11_15h18.40.670,Orient Discrimination Experiment - Tutorial 2.0,,2025.1.1,60.66102316769985,2025-09-11 15h18.41.539000 +0530,
97,0,97,1,down,1,1.1992891000118107,None,97,0,97,0,133.33006720000412,,133.31520070001716,133.33006720000412,133.830107900023,133.830107900023,135.03057609999087,1,down,1,1.1992891000118107,None,413440,001,2025-09-11_15h18.40.670,Orient Discrimination Experiment - Tutorial 2.0,,2025.1.1,60.66102316769985,2025-09-11 15h18.41.539000 +0530,
98,0,98,-2,up,0,0.894237799977418,None,98,0,98,0,135.0474111000076,,135.0310058000032,135.0474111000076,135.53041180002037,135.54670870001428,136.43015860003652,-2,up,0,0.894237799977418,None,413440,001,2025-09-11_15h18.40.670,Orient Discrimination Experiment - Tutorial 2.0,,2025.1.1,60.66102316769985,2025-09-11 15h18.41.539000 +0530,
99,0,99,-3,up,0,0.8764578000409529,None,99,0,99,0,136.4463509999914,,136.430597700004,136.4463509999914,136.92946070001926,136.94668160000583,137.81413240003167,-3,up,0,0.8764578000409529,None,413440,001,2025-09-11_15h18.40.670,Orient Discrimination Experiment - Tutorial 2.0,,2025.1.1,60.66102316769985,2025-09-11 15h18.41.539000 +0530,
